{
  "main": 0.10233459,
  "sub:260417078": 0.10233459,
  "sub:302355261": 0.10233459,
  "sub:152304954": 0.10233459,
  "sub:65986659": 0.10233459,
  "sub:65986592": 0.10233459,
  "sub:152499802": 0.10233459
}