{
  "main": 0.10248506,
  "sub:260417078": 0.10248506,
  "sub:302355261": 0.10248506,
  "sub:152304954": 0.10248506,
  "sub:65986659": 0.10248506,
  "sub:65986592": 0.10248506,
  "sub:152499802": 0.10248506
}